mall,type,shop_id,shop_name_en,shop_name_tc,shop_number,shop_floor,phone,opening_hours,loyalty_offer,voucher_acceptance,shop_category_id,shop_category_name,tag,update_date
PlazaAscot,Shopping,4,7-Eleven,7-11便利店,G21,GF,26347225,00:00 - 23:59,MTR Points Promotion,,blt33c3275f2b583596,Supermarket & Convenience Store,,2022-05-02
PlazaAscot,Shopping,49,ATM - ICBC Asia,ATM - 中國工商銀行（亞洲）,ATM No.1,GF,21895588,06:30 - 23:00,,,blt07005439cb98f4da,Services,,2022-05-02
PlazaAscot,Shopping,35,Babington Education Centre,Babington Education Centre,79,GF,29593006,,MTR Points Promotion,,blt7c15a2a8cb043fec,Education,,2022-05-02
PlazaAscot,Shopping,18,Beethoven Music Arts Studio,貝多芬音樂藝術學院,G54,GF,26346583,09:00 - 13:00,MTR Points Promotion,,blt7c15a2a8cb043fec,Education,,2022-05-02
PlazaAscot,Shopping,24,Centaline Property Agency Limited,中原地產代理有限公司,G60,GF,26989899,09:30 - 21:30,,,blt07005439cb98f4da,Services,,2022-05-02
PlazaAscot,Shopping,31,Centaline Property Agency Limited,中原地產代理有限公司,G73,GF,26989899,09:30 - 21:30,,,blt07005439cb98f4da,Services,,2022-05-02
PlazaAscot,Shopping,48,Cosmetic Studio by Shirley Beauty,莎莉美容中心,G94-96,GF,27827830,10:00 - 20:00,MTR Points Promotion,,blt07005439cb98f4da,Services,,2022-05-02
PlazaAscot,Shopping,38,Dr. Daisy S.H. You Dental Surgery,牙齒美容激光植齒矯齒中心 - 游舜華牙科醫生,G82A,GF,26348300,,MTR Points Promotion,,blt07005439cb98f4da,Services,,2022-05-02
PlazaAscot,Shopping,1,Fusion by PARKnSHOP,Fusion - 百佳超級市場,G01-17,GF,26349182,08:00 - 22:00,MTR Points Promotion,,blt33c3275f2b583596,Supermarket & Convenience Store,,2022-05-02
PlazaAscot,Shopping,23,GOODS FOR U LTD,靚靚海味蔘茸有限公司,G59,GF,26348099,09:30 - 08:30,MTR Points Promotion,1,bltb510b595c3a38b43,Health & Personal Care,,2022-05-02
PlazaAscot,Shopping,36,Greenland Education Centre,青田教育研習中心,G80A-81A,GF,26912013,09:00 - 18:00,MTR Points Promotion,,blt7c15a2a8cb043fec,Education,,2022-05-02
PlazaAscot,Shopping,43,Headline Salon,Headline Salon,G88A,GF,26347111,10:30 - 20:00,MTR Points Promotion,1,blt07005439cb98f4da,Services,,2022-05-02
PlazaAscot,Shopping,10,HKTV mall,HKTV mall,G36-37,GF,-,11:30 - 20:30,MTR Points Promotion,,blt33c3275f2b583596,Supermarket & Convenience Store,,2022-05-02
PlazaAscot,Shopping,28,Hung Fook Tong,鴻福堂 - 自家湯涼茶坊,G66,GF,26349055,10:00 - 10:30,MTR Points Promotion,1,blt7f727c6237f3028a,Confectionary,,2022-05-02
PlazaAscot,Shopping,3,i-Nail,i-Nail,G20,GF,65574299/26349868,10:00 - 20:00,MTR Points Promotion,,blt07005439cb98f4da,Services,,2022-05-02
PlazaAscot,Shopping,19,I-Study Learning Center,I-Study Learning Center,G55,GF,26010689/64491868,09:30 - 19:30,MTR Points Promotion,,blt7c15a2a8cb043fec,Education,,2022-05-02
PlazaAscot,Shopping,8,Indo Market,營多東南亞美食市場,G33,GF,28700999,09:00 - 20:00,MTR Points Promotion,,blt7f727c6237f3028a,Confectionary,,2022-05-02
PlazaAscot,Shopping,11,Japan Home Centre,日本城,G38,GF,26629435,09:00 - 22:00,MTR Points Promotion,,bltbf8c8cd96db854e3,Household & Grocery,,2022-05-02
PlazaAscot,Shopping,12,Jenny's Music Studio,Jenny's Music Studio,G39 & 50,GF,26349282,09:30 - 18:00,MTR Points Promotion,,blt7c15a2a8cb043fec,Education,,2022-05-02
PlazaAscot,Shopping,20,Jenny's Pop Music Studio,Jenny's Pop Music Studio,G56,GF,26349282,09:30 - 18:00,MTR Points Promotion,,blt7c15a2a8cb043fec,Education,,2022-05-02
PlazaAscot,Shopping,46,La Beaute Spa,La Beaute Spa,G90-91,GF,26346899,10:00 - 21:00,MTR Points Promotion,1,blt07005439cb98f4da,Services,,2022-05-02
PlazaAscot,Shopping,15,Lemon Tree Learning Centre,檸檬樹學習中心,G52,GF,26348386,,MTR Points Promotion,,blt7c15a2a8cb043fec,Education,,2022-05-02
PlazaAscot,Shopping,27,Mannings,萬寧,G63-65,GF,25927482,12:00 - 20:30,MTR Points Promotion,1,bltb510b595c3a38b43,Health & Personal Care,,2022-05-02
PlazaAscot,Shopping,16,MICHEL'S CHINESE ARTSTIC STUDIO COMPANY LIMITED,MICHEL'S CHINESE ARTSTIC STUDIO COMPANY LIMITED,G52B-53B,GF,26348800,,MTR Points Promotion,,blt7c15a2a8cb043fec,Education,,2022-05-02
PlazaAscot,Shopping,26,Midland Realty,美聯物業,G62&71,GF,26022588,09:30 - 21:30,,,blt07005439cb98f4da,Services,,2022-05-02
PlazaAscot,Shopping,33,Monkey Tree English Learning Centre,Monkey Tree English Learning Centre,G76,GF,26347222,,MTR Points Promotion,,blt7c15a2a8cb043fec,Education,,2022-05-02
PlazaAscot,Shopping,13,Noble Time,珍時閱讀,G51,GF,23210873,11:00 - 21:00,MTR Points Promotion,1,blt3be900eb9aa1f8d9,"Gifts, Books & Stationery",,2022-05-02
PlazaAscot,Shopping,6,Organic B,有機仔仔,G31,GF,21041000,10:00 - 20:30,MTR Points Promotion,1,blt7f727c6237f3028a,Confectionary,,2022-05-02
PlazaAscot,Shopping,44,Plaza Ascot Digital Photo- Finishing,駿景數碼影視沖印中心,G88B,GF,26060827,09:30 - 20:30,MTR Points Promotion,1,blt07005439cb98f4da,Services,,2022-05-02
PlazaAscot,Shopping,17,QUALITY DRY-CLEAN,優質乾洗會,G53,GF,27123208,09:00 - 20:30,MTR Points Promotion,,blt07005439cb98f4da,Services,,2022-05-02
PlazaAscot,Shopping,25,Ricacorp Properities Ltd,利嘉閣地產,G61,GF,26012232,09:30 - 21:30,,,blt07005439cb98f4da,Services,,2022-05-02
PlazaAscot,Shopping,32,Ricacorp Properities Ltd,利嘉閣地產,G74,GF,26380234,09:30 - 21:00,,,blt07005439cb98f4da,Services,,2022-05-02
PlazaAscot,Shopping,45,Salon China,Salon China,G89,GF,26349908,10:00 - 20:00,MTR Points Promotion,,blt07005439cb98f4da,Services,,2022-05-02
PlazaAscot,Shopping,22,SDM Jazz & Ballet Academic,SDM Jazz & Ballet Academic,G58&G75,GF,24140100,09:30 - 18:30,MTR Points Promotion,,blt7c15a2a8cb043fec,Education,,2022-05-02
PlazaAscot,Shopping,21,Smart Tree - JEI,Smart Tree - JEI,G57,GF,26346102,09:00 - 18:00,MTR Points Promotion,,blt7c15a2a8cb043fec,Education,,2022-05-02
PlazaAscot,Shopping,51,Sunrise Academic,日出教育,G51A,GF,26176229,09:30 - 19:30,MTR Points Promotion,,blt7c15a2a8cb043fec,Education,,2022-05-02
PlazaAscot,Shopping,7,Trustworthy,致信海味雜貨店,G32,GF,24620366,09:00 - 21:00,MTR Points Promotion,1,bltb510b595c3a38b43,Health & Personal Care,,2022-05-02
PlazaAscot,Shopping,30,Wellsoon Chinese Medicine Clinic,和順堂中醫診所‧名醫‧名藥,G72,GF,39529825,10:00 - 22:00,MTR Points Promotion,,blt07005439cb98f4da,Services,,2022-05-02
PlazaAscot,Shopping,2,Yau Shing Kwankee Water Electrical & Air-Conditioning Engineering Company,有成坤記水電冷氣工程公司,G19,GF,66824795,10:00 - 20:00,MTR Points Promotion,,bltbf8c8cd96db854e3,Household & Grocery,,2022-05-02
PlazaAscot,Shopping,52,仁泰中西藥行,仁泰中西藥行,G34-35,GF,23230323,10:30 - 21:30,MTR Points Promotion,1,bltb510b595c3a38b43,Health & Personal Care,,2022-05-02
PlazaAscot,Dining,29,Beppu Ramen,別府九州地獄拉麵專門店,G67-70,GF,26684188,11:00 - 21:30,MTR Points Promotion,1,blt3ca7d41c9773a7d0,Food & Beverage,,2022-05-02
PlazaAscot,Dining,40,CHIU CHONG,潮莊,G83,GF,26348018,08:00 - 21:30,MTR Points Promotion,,blt3ca7d41c9773a7d0,Food & Beverage,,2022-05-02
PlazaAscot,Dining,42,FAIRWOOD,大快活,G86-87,GF,28564469,08:00 - 20:00,MTR Points Promotion,1,blt3ca7d41c9773a7d0,Food & Beverage,,2022-05-02
PlazaAscot,Dining,5,Honorary Family,裕滿人家,G22-30,GF,23258381,08:00 - 22:00,MTR Points Promotion,1,blt3ca7d41c9773a7d0,Food & Beverage,,2022-05-02
PlazaAscot,Dining,41,McDonald's,麥當勞,G83A & 84-85,GF,26348734,06:45 - 22:00,MTR Points Promotion,,blt3ca7d41c9773a7d0,Food & Beverage,,2022-05-02
PlazaAscot,Dining,37,The Leaf Kitchen,一葉小廚,G80B-81B,GF,28568667,11:30 - 21:00,MTR Points Promotion,,blt3ca7d41c9773a7d0,Food & Beverage,,2022-05-02
